snp	strand	genotype	status
rs11549465	plus	CC	Normal
rs11549465	plus	CT	Risk
rs11549465	plus	TT	Typical
rs6189	plus	CC	Normal
rs6189	plus	TT	Risk
rs6189	plus	TC	Typical
rs7566605	plus	CC	Risk
rs7566605	plus	CG	Typical
rs7566605	plus	GG	Normal
rs7412	plus	CC	Normal
rs7412	plus	CT	Typical
rs7412	plus	TT	Risk
rs1799945	plus	CC	Normal
rs1799945	plus	CG	Typical
rs1799945	plus	GG	Risk
rs34005929	plus	GG	Normal
rs34005929	plus	GA	Risk
rs34005929	plus	AA	Typical
rs1042714	plus	CC	Risk
rs1042714	plus	CG	Risk
rs1042714	plus	GG	Normal
rs1801133	plus	GG	Normal
rs1801133	plus	GA	Typical
rs1801133	plus	AA	Risk
rs6214	plus	TC	Typical
rs6214	plus	CC	Normal
rs6214	plus	TT	Risk
rs1815739	plus	CC	Risk
rs1815739	plus	CT	Typical
rs1815739	plus	TT	Normal
rs1800795	plus	CC	Risk
rs1800795	plus	CG	Normal
rs1800795	plus	GG	Risk
rs652438	plus	TT	Normal
rs652438	plus	TC	Risk
rs652438	plus	CC	Normal
rs8192678	plus	TT	Risk
rs8192678	plus	TC	Risk
rs8192678	plus	CC	Normal
rs970547	plus	CC	Normal
rs970547	plus	TT	Risk
rs970547	plus	TC	Typical
rs12722	plus	CC	Normal
rs12722	plus	TT	Risk
rs12722	plus	CT	Typical
rs1042713	plus	AA	Risk
rs1042713	plus	AG	Typical
rs1042713	plus	GG	Normal
rs143383	plus	GG	Risk
rs143383	plus	GA	Risk
rs143383	plus	AA	Normal
rs17563	plus	GG	Risk
rs17563	plus	GA	Typical
rs17563	plus	AA	Normal
rs1800255	plus	AA	Risk
rs1800255	plus	AG	Risk
rs1800255	plus	GG	Normal
rs5443	plus	CC	Normal
rs5443	plus	CT	Risk
rs5443	plus	TT	Risk
rs2167270	plus	AA	Risk
rs2167270	plus	AG	Typical
rs2167270	plus	GG	Normal
rs1137101	plus	AA	Normal
rs1137101	plus	AG	Risk
rs1137101	plus	GG	Risk
rs7832552	plus	TT	Risk
rs7832552	plus	CC	Normal
rs7832552	plus	CT	Typical
rs11549467	plus	GG	Normal
rs11549467	plus	AG	Typical
rs11549467	plus	AA	Risk
rs2070744	plus	CC	Normal
rs2070744	plus	CT	Typical
rs2070744	plus	TT	Risk
rs7144481	plus	CC	Normal
rs7144481	plus	TT	Risk
rs7144481	plus	CT	Typical
rs235768	plus	AA	Normal
rs235768	plus	TT	Risk
rs235768	plus	AT	Typical
rs1205	plus	CT	Normal
rs1205	plus	AA	Risk
rs1937	plus	GG	Normal
rs1937	plus	CC	Typical
rs1937	plus	CG	Risk
rs4994	plus	GG	Risk
rs4994	plus	GA	Risk
rs4994	plus	AA	Normal
rs1800012	plus	CC	Normal
rs1800012	plus	CA	Typical
rs1800012	plus	AA	Risk
rs4343	plus	AA	Risk
rs4343	plus	AG	Typical
rs4343	plus	GG	Normal
rs749174	plus	GG	Normal
rs749174	plus	GA	Risk
rs749174	plus	AA	Typical
rs4919510	plus	CC	Normal
rs4919510	plus	CG	Risk
rs4919510	plus	GG	Typical
rs4880	plus	GG	Risk
rs4880	plus	GA	Typical
rs4880	plus	AA	Normal
rs2267668	plus	AA	Normal
rs2267668	plus	AG	Risk
rs2267668	plus	GG	Typical
rs4680	plus	AA	Typical
rs4680	plus	AG	Risk
rs4680	plus	GG	Normal
rs12722	plus	CC	Normal
rs12722	plus	CT	Typical
rs12722	plus	TT	Risk
